Node,Rank,HHD_Rating,Intransitivity_Centrality,Eigenvector,PageRank
A,1,-0.765853,17.118815,0.447621,0.189691
C,2,-0.765853,0.137828,0.447621,0.189691
B,3,-0.255284,3.867478,0.391747,0.154593
E,4,-0.255284,10.466854,0.391747,0.154593
F,5,0.765853,0.137828,0.447621,0.189691
D,6,1.276422,5.310898,0.303275,0.121742
