Node,Rank,HHD_Rating,Intransitivity_Centrality
A,1,-0.765853,17.118815
C,2,-0.765853,0.137828
B,3,-0.255284,3.867478
E,4,-0.255284,10.466854
F,5,0.765853,0.137828
D,6,1.276422,5.310898
