Node,Rank,HHD_Rating,Intransitivity_Centrality
A,1,-1.666667,17.118815
C,2,-1.666667,0.137828
E,3,-0.555556,10.466854
B,4,-0.555556,3.867478
F,5,1.666667,0.137828
D,6,2.777778,5.310898
