k,Removed_Nodes,Intransitivity,Transitivity,Total,Intransitivity_Percentage,Nodes_Remaining,Edges_Remaining
0,{},16.064675,4.052515,16.567940,96.962412,6,13
1,{A},10.377242,7.825207,12.996962,79.843597,5,8
1,{E},11.923724,6.918161,13.785360,86.495558,5,9
1,{D},13.317923,5.812418,14.531045,91.651514,5,10
1,{B},12.833471,5.033702,13.785360,93.094934,5,9
1,{F},12.584254,3.249240,12.996962,96.824584,5,8
1,{C},12.584254,3.249240,12.996962,96.824584,5,8
